PID;TEMPO DE CHEGADA; TEMPO DE EXECUCAO; TEMPO DE ESPERA; TEMPO TOTAL
5;0.882;0.718;0.0;0.718
4;1.497;4.968;0.0;4.968
10;1.728;0.456;2.0;2.456
6;2.114;1.523;0.0;1.523
9;2.556;4.261;0.0;4.261
8;3.402;2.789;0.0;2.789
3;3.52;1.515;2.0;3.5149999999999997
2;4.102;4.424;0.0;4.424
7;4.462;3.454;2.0;5.454000000000001
1;4.549;4.062;5.0;9.062000000000001
tp; to; tt; qtdeTrocaContexto; OcupacaoDoProcessador; OverheadDeProcessamento; tempoMedioDeEspera; quantum
28.17;0.0;28.17;55;1.0;0.0;1.1;
